object_counts,physics_update_elapsed_time,render_elapsed_time
10,2950,58
20,389,15
30,706,19
40,458,25
50,430,24
60,395,110
70,444,160
80,407,82
90,411,94
100,421,83
110,452,84
120,455,107
130,449,99
140,418,94
150,417,97
160,436,88
170,432,161
180,446,152
190,445,145
200,457,100
210,531,107
220,429,70
230,471,84
240,511,104
250,434,85
260,438,64
270,473,76
280,453,79
290,440,75
300,532,74
310,424,84
320,451,61
330,428,72
340,442,80
350,441,87
360,432,65
370,440,71
380,454,71
390,462,60
400,462,68
410,442,82
420,474,78
430,436,62
440,436,69
450,470,73
460,474,68
470,462,84
480,434,71
490,466,75
500,471,76
510,446,69
520,484,98
530,491,81
540,483,71
550,498,81
560,522,105
570,532,64
580,536,227
590,576,98
600,541,92
610,604,62
620,571,49
630,663,54
640,570,64
650,585,113
660,655,54
670,612,70
680,605,74
690,641,58
700,648,58
710,687,75
720,667,68
730,689,56
740,664,80
750,648,56
760,730,59
770,684,58
780,710,91
790,723,61
800,752,89
810,744,58
820,765,67
830,728,76
840,745,89
850,762,99
860,740,72
870,787,64
880,824,63
890,811,60
900,798,75
910,730,77
920,786,53
930,795,49
940,845,53
950,825,105
960,827,102
970,824,92
980,815,102
990,897,106
1000,879,108
1010,843,101
1020,880,82
1030,895,92
1040,883,72
1050,864,64
1060,865,63
1070,851,66
1080,906,83
1090,952,97
1100,941,75
1110,922,74
1120,951,77
1130,949,76
1140,995,75
1150,977,94
1160,899,92
1170,982,76
1180,1003,73
1190,1023,59
1200,992,57
1210,986,69
1220,1019,82
1230,1085,63
1240,1002,158
1250,1022,65
1260,1022,69
1270,1051,112
1280,1003,90
1290,1007,82
1300,997,64
1310,1019,64
1320,1035,65
1330,967,81
1340,998,88
1350,1034,82
1360,1045,69
1370,1078,156
1380,1097,68
1390,1094,88
1400,1109,81
1410,1088,75
1420,1153,78
1430,991,64
1440,1047,82
1450,1011,86
1460,1075,81
1470,1031,68
1480,1050,173
1490,1092,79
1500,1098,68
1510,1101,72
1520,1104,99
1530,1080,64
1540,1090,79
1550,1053,69
1560,1124,72
1570,1156,85
1580,1184,90
1590,1189,76
1600,1271,64
1610,1200,64
1620,1214,62
1630,1212,83
1640,1115,73
1650,1145,82
1660,1157,64
1670,1139,69
1680,1114,77
1690,1110,69
1700,1137,69
1710,1164,105
1720,1120,93
1730,1186,147
1740,1129,86
1750,1163,78
1760,1111,76
1770,1117,91
1780,1158,84
1790,1132,68
1800,1214,69
1810,1183,71
1820,1218,92
1830,1219,94
1840,1205,81
1850,1186,65
1860,1212,70
1870,1263,82
1880,1189,71
1890,1110,106
1900,1180,95
1910,1120,73
1920,1163,68
1930,1151,91
1940,1169,82
1950,1156,99
1960,1105,82
1970,1133,89
1980,1187,86
1990,1233,72
2000,1191,76
2010,1237,112
2020,1258,78
2030,1255,78
2040,1187,74
2050,1196,71
2060,1275,70
2070,1190,152
2080,1225,106
2090,1240,74
2100,1304,93
2110,1243,69
2120,1216,74
2130,1207,72
2140,1222,92
2150,1308,72
2160,1255,77
2170,1267,86
2180,1215,76
2190,1259,77
2200,1239,104
2210,1354,76
2220,1232,74
2230,1253,88
2240,1227,114
2250,1226,121
2260,1203,124
2270,1278,118
2280,1285,79
2290,1293,74
2300,1248,87
2310,1282,79
2320,1341,122
2330,1266,92
2340,1254,84
2350,1259,76
2360,1245,87
2370,1233,69
2380,1208,109
2390,1226,203
2400,1209,79
2410,1205,75
2420,1234,80
2430,1230,88
2440,1264,106
2450,1498,78
2460,1292,96
2470,1220,102
2480,1260,107
2490,1233,101
2500,1207,116
2510,1191,86
2520,1198,93
2530,1282,90
2540,1511,77
2550,1287,78
2560,1350,107
2570,1285,87
2580,1346,82
2590,1319,82
2600,1351,156
2610,1319,90
2620,1341,106
2630,1289,79
2640,1259,84
2650,1245,83
2660,1321,97
2670,1313,78
2680,1325,184
2690,1272,85
2700,1246,77
2710,1244,77
2720,1217,89
2730,1234,89
2740,1465,108
2750,1235,224
2760,1256,82
2770,1268,88
2780,1324,82
2790,1297,85
2800,1316,78
2810,1255,90
2820,1279,88
2830,1349,77
2840,1414,82
2850,1305,75
2860,1351,98
2870,1353,111
2880,1263,87
2890,1233,81
2900,1268,82
2910,1258,84
2920,1271,84
2930,1277,83
2940,1297,86
2950,1370,90
2960,1433,86
2970,1432,83
2980,36478,139
2990,1554,239
3000,1364,106
3010,1329,107
3020,4205,132
3030,5725,128
3040,1318,119
3050,1749,147
3060,1321,130
3070,1369,128
3080,1471,137
3090,1467,178
3100,1356,132
3110,1386,96
3120,1303,92
3130,1331,85
3140,1277,80
3150,1296,97
3160,1409,86
3170,1343,78
3180,1336,99
3190,1348,91
3200,1516,82
3210,1444,122
3220,1459,103
3230,1447,94
3240,1420,82
3250,1588,77
3260,1670,113
3270,1393,87
3280,1547,102
3290,1330,83
3300,1375,88
3310,1503,85
3320,1322,82
3330,1383,81
3340,1369,90
3350,1366,90
3360,1374,86
3370,1335,86
3380,1303,89
3390,1306,88
3400,1319,82
3410,1368,86
3420,1355,109
3430,1381,88
3440,1431,81
3450,1394,86
3460,1365,82
3470,1317,126
3480,1325,137
3490,1358,136
3500,1329,128
3510,1344,98
3520,1371,90
3530,1308,100
3540,1334,105
3550,1379,90
3560,1415,112
3570,1340,89
3580,1402,83
3590,1341,88
3600,1360,99
3610,1415,96
3620,1478,82
3630,1382,84
3640,1629,88
3650,1383,87
3660,1372,139
3670,1417,126
3680,1466,115
3690,1411,100
3700,1534,118
3710,1471,110
3720,1353,100
3730,1370,96
3740,1311,98
3750,1391,95
3760,1330,86
3770,1406,90
3780,1390,90
3790,1370,123
3800,1316,97
3810,1349,100
3820,1368,94
3830,1400,93
3840,1419,87
3850,1382,95
3860,1397,101
3870,1366,108
3880,1417,89
3890,1366,186
3900,1329,107
3910,1385,249
3920,1578,93
3930,1467,160
3940,1450,107
3950,1442,94
3960,1477,133
3970,1389,106
3980,1378,96
3990,1436,90
4000,1365,100
4010,1383,138
4020,1478,105
4030,1421,95
4040,1451,96
4050,1413,96
4060,1379,101
4070,1401,106
4080,1367,90
4090,1425,89
4100,1447,88
4110,1570,97
4120,1380,93
4130,1383,107
4140,1385,113
4150,1373,91
4160,1384,96
4170,1405,206
4180,1599,103
4190,1398,91
4200,1373,117
4210,1635,147
4220,1577,111
4230,1449,87
4240,1379,96
4250,1443,94
4260,1399,106
4270,1491,332
4280,1446,97
4290,1434,90
4300,1501,114
4310,1471,101
4320,1466,135
4330,1669,144
4340,1565,99
4350,1533,91
4360,1568,98
4370,1440,91
4380,1497,105
4390,1592,108
4400,1406,112
4410,1383,109
4420,1460,101
4430,1357,96
4440,1439,94
4450,1394,90
4460,1376,105
4470,1403,105
4480,1443,111
4490,1608,99
4500,1481,99
4510,1471,109
4520,1440,96
4530,1455,113
4540,1594,116
4550,1661,92
4560,1553,94
4570,1614,97
4580,1603,95
4590,1602,98
4600,1528,102
4610,1538,95
4620,1442,103
4630,1467,97
4640,1510,100
4650,1423,93
4660,1468,108
4670,1608,107
4680,1414,112
4690,1646,95
4700,1620,103
4710,1604,93
4720,1472,157
4730,1642,148
4740,1506,150
4750,1557,139
4760,1422,117
4770,1445,104
4780,1428,110
4790,1436,116
4800,1450,107
4810,1495,105
4820,1448,120
4830,1502,100
4840,1546,101
4850,1570,104
4860,1647,106
4870,1571,103
4880,1497,103
4890,1486,104
4900,1594,98
4910,1460,134
4920,1451,106
4930,1430,142
4940,1391,121
4950,1397,104
4960,1455,105
4970,1486,158
4980,1535,108
4990,1428,98
5000,1613,107
5010,1446,117
5020,1533,109
5030,1455,136
5040,1488,109
5050,1511,104
5060,1350,102
5070,1417,105
5080,1547,123
5090,1499,106
5100,1552,103
5110,1703,102
5120,1591,101
5130,1609,118
5140,1522,107
5150,1531,102
5160,1658,102
5170,1634,103
5180,1484,100
5190,1446,117
5200,1442,348
5210,1635,141
5220,1439,109
5230,1454,107
5240,1479,110
5250,1404,109
5260,1478,108
5270,1531,126
5280,1536,107
5290,1495,98
5300,1447,103
5310,1454,106
5320,1448,106
5330,1597,114
5340,1469,123
5350,1541,109
5360,1566,103
5370,1499,340
5380,1589,103
5390,1529,114
5400,1507,118
5410,1758,127
5420,1534,104
5430,1460,109
5440,1484,102
5450,1631,132
5460,1552,102
5470,1512,127
5480,1457,146
5490,1501,114
5500,1772,105
5510,1643,114
5520,1628,120
5530,1826,201
5540,1856,119
5550,1531,124
5560,1493,109
5570,1417,103
5580,1545,108
5590,1532,111
5600,1633,109
5610,1536,110
5620,1504,124
5630,1489,111
5640,1539,130
5650,1504,155
5660,1565,122
5670,1695,118
5680,1498,106
5690,1481,123
5700,1482,114
5710,1573,131
5720,1578,108
5730,1671,111
5740,1652,122
5750,1596,109
5760,1486,152
5770,1686,108
5780,1744,111
5790,1685,119
5800,1558,105
5810,1571,121
5820,1726,112
5830,1596,269
5840,1576,107
5850,1726,122
5860,1564,106
5870,1543,119
5880,1514,119
5890,1655,127
5900,1755,120
5910,1789,103
5920,1526,106
5930,1547,109
5940,1683,117
5950,1784,129
5960,1576,116
5970,1635,119
5980,1501,131
5990,1571,108
6000,1825,150
6010,1639,158
6020,1600,263
6030,1596,160
6040,1578,135
6050,1564,119
6060,1584,118
6070,1826,110
6080,1492,119
6090,1534,114
6100,1532,121
6110,1690,130
6120,1739,113
6130,1566,124
6140,1528,111
6150,1581,136
6160,1625,123
6170,1728,129
6180,1572,135
6190,1671,135
6200,1564,126
6210,1584,122
6220,1536,230
6230,1648,112
6240,1705,121
6250,1504,115
6260,1506,174
6270,1550,125
6280,1786,126
6290,1787,115
6300,1568,371
6310,1670,115
6320,1555,117
6330,1525,113
6340,2026,121
6350,1690,123
6360,1562,138
6370,1718,120
6380,1627,120
6390,1637,109
6400,1774,148
6410,1474,126
6420,1755,142
6430,1636,117
6440,1516,140
6450,1598,112
6460,1734,111
6470,1866,122
6480,1713,248
6490,1812,164
6500,1903,136
6510,1604,131
6520,1543,122
6530,1641,122
6540,1569,116
6550,1938,136
6560,2024,121
6570,1765,128
6580,1623,122
6590,1592,123
6600,1568,195
6610,1588,120
6620,1874,161
6630,1831,136
6640,1534,125
6650,1876,123
6660,1641,113
6670,2010,142
6680,1837,131
6690,1901,133
6700,1702,127
6710,1569,126
6720,1948,125
6730,1665,123
6740,1670,138
6750,1596,128
6760,1704,122
6770,1986,134
6780,1667,133
6790,1607,120
6800,1556,123
6810,1542,128
6820,1703,133
6830,1815,123
6840,1585,122
6850,1619,123
6860,1994,124
6870,1930,119
6880,1572,126
6890,1793,136
6900,1672,136
6910,1571,163
6920,1627,121
6930,1589,124
6940,1554,131
6950,1916,142
6960,1669,138
6970,1668,141
6980,1697,136
6990,1611,119
7000,1862,138
7010,1843,140
7020,2192,154
7030,1812,156
7040,1838,135
7050,1851,130
7060,1725,122
7070,1709,124
7080,1561,126
7090,1824,128
7100,1615,336
7110,1704,128
7120,1838,132
7130,1958,128
7140,1590,124
7150,1716,121
7160,1822,130
7170,1792,128
7180,1764,134
7190,1794,119
7200,1630,296
7210,1609,136
7220,1608,128
7230,1636,136
7240,1759,138
7250,1947,144
7260,1808,121
7270,1819,128
7280,1852,152
7290,1953,181
7300,1923,172
7310,1774,161
7320,1649,159
7330,1671,133
7340,1947,126
7350,1804,125
7360,1643,172
7370,1955,135
7380,1596,178
7390,1833,148
7400,1851,180
7410,1738,145
7420,1572,122
7430,1594,133
7440,1647,188
7450,1894,173
7460,1904,150
7470,2088,134
7480,1827,132
7490,1642,363
7500,1675,132
7510,1723,128
7520,1692,144
7530,1725,137
7540,1993,132
7550,1885,134
7560,2075,131
7570,2060,124
7580,2037,141
7590,1680,133
7600,1857,126
7610,1621,131
7620,1606,131
7630,1975,152
7640,2014,132
7650,1985,130
7660,2093,128
7670,1770,144
7680,1982,133
7690,1606,128
7700,1648,140
7710,1990,133
7720,1979,137
7730,1640,132
7740,1824,147
7750,2055,135
7760,2144,139
7770,2216,200
7780,1716,136
7790,2053,167
7800,1982,256
7810,2096,130
7820,1923,138
7830,1686,142
7840,1661,125
7850,1745,151
7860,2171,130
7870,2023,129
7880,1705,370
7890,1713,364
7900,1675,150
7910,2286,191
7920,1673,137
7930,1773,135
7940,1648,136
7950,1915,134
7960,1786,137
7970,1762,141
7980,1992,156
7990,2081,361
8000,2152,126
8010,2109,160
8020,1729,143
8030,1836,142
8040,1764,138
8050,1914,149
8060,1916,181
8070,2074,154
8080,2166,133
8090,1662,131
8100,1951,146
8110,1713,144
8120,2110,151
8130,1959,368
8140,1813,140
8150,1753,132
8160,2165,147
8170,1759,134
8180,1875,140
8190,1933,131
8200,1932,136
8210,1887,139
8220,2083,132
8230,2059,145
8240,1726,147
8250,1739,150
8260,1946,135
8270,1948,141
8280,2163,160
8290,2340,144
8300,1856,145
8310,2170,158
8320,2001,378
8330,1789,138
8340,1689,135
8350,2277,133
8360,1908,150
8370,2004,144
8380,2103,151
8390,2344,138
8400,1869,135
8410,2060,137
8420,1925,232
8430,2005,153
8440,2158,141
8450,2091,153
8460,2096,139
8470,2080,217
8480,1935,139
8490,2026,140
8500,2084,149
8510,2054,150
8520,1860,148
8530,2165,147
8540,2266,152
8550,2432,175
8560,2181,190
8570,2202,191
8580,2071,183
8590,1948,155
8600,1870,141
8610,2226,135
8620,2015,176
8630,1737,166
8640,1813,156
8650,2031,148
8660,2006,190
8670,1932,145
8680,2278,166
8690,1836,144
8700,1892,154
8710,2219,151
8720,1958,141
8730,1908,142
8740,1986,149
8750,2223,281
8760,1768,160
8770,1989,151
8780,1798,150
8790,2082,139
8800,1922,132
8810,1945,185
8820,2063,138
8830,2076,151
8840,2255,148
8850,2134,159
8860,1856,141
8870,1954,145
8880,1839,153
8890,2204,142
8900,1946,158
8910,2243,168
8920,2189,169
8930,2165,139
8940,1977,139
8950,1943,247
8960,2013,181
8970,1913,153
8980,2097,292
8990,1999,147
9000,1936,140
9010,2095,141
9020,2182,140
9030,1951,160
9040,2131,197
9050,2263,145
9060,2030,138
9070,2118,176
9080,2542,145
9090,2096,147
9100,2250,148
9110,2546,210
9120,2452,212
9130,2379,198
9140,2346,214
9150,2150,195
9160,2294,185
9170,2278,168
9180,2173,156
9190,2144,147
9200,2160,176
9210,2236,146
9220,2121,151
9230,2117,176
9240,2398,205
9250,2261,192
9260,2189,180
9270,2080,157
9280,2056,155
9290,2025,158
9300,2207,200
9310,2296,249
9320,2415,210
9330,2774,203
9340,2609,220
9350,2352,207
9360,2521,202
9370,2560,203
9380,2816,193
9390,2325,210
9400,2416,330
9410,2386,198
9420,2349,191
9430,2407,184
9440,2597,195
9450,2338,198
9460,2526,197
9470,2202,187
9480,2240,175
9490,2229,194
9500,2088,193
9510,2508,198
9520,2221,198
9530,2318,191
9540,2496,205
9550,2345,201
9560,2136,187
9570,2398,188
9580,2341,285
9590,2444,200
9600,2376,195
9610,2277,196
9620,2362,192
9630,2467,196
9640,2612,196
9650,2348,200
9660,2328,198
9670,2354,202
9680,2567,198
9690,2441,203
9700,2336,202
9710,2393,206
9720,2240,205
9730,2337,207
9740,2335,316
9750,2436,293
9760,2504,196
9770,2447,206
9780,2338,193
9790,2475,206
9800,2527,209
9810,2546,209
9820,2471,212
9830,2440,201
9840,2362,197
9850,2432,205
9860,2462,203
9870,2511,417
9880,2366,201
9890,2341,164
9900,2213,177
9910,2279,300
9920,2218,164
9930,2334,309
9940,2151,164
9950,2328,159
9960,2239,160
9970,2590,167
9980,2430,163
9990,2368,165
10000,2213,171
10010,2454,160
10020,2144,147
10030,2437,158
10040,2500,203
10050,2378,166
10060,2087,163
10070,2461,162
10080,2332,157
10090,2411,169
10100,2242,171
10110,2311,166
10120,2422,160
10130,2358,149
10140,2303,308
10150,2413,172
10160,2554,158
10170,2469,167
10180,2524,160
10190,2426,169
10200,2288,153
10210,2304,159
10220,2198,159
10230,2086,162
10240,2428,172
10250,2617,162
10260,2494,159
10270,2314,161
10280,2426,156
10290,2404,159
10300,2480,174
10310,2181,173
10320,2211,149
10330,2262,152
10340,2515,167
10350,2469,178
10360,2370,169
10370,2340,175
10380,2328,163
10390,2238,160
10400,2423,153
10410,2666,183
10420,2326,168
10430,2387,173
10440,2371,171
10450,2510,169
10460,2307,158
10470,2483,153
10480,2243,157
10490,2312,190
10500,2374,165
10510,2179,167
10520,2528,164
10530,2353,167
10540,2476,163
10550,2293,170
10560,2432,175
10570,2499,175
10580,2524,164
10590,2436,157
10600,2597,201
10610,2406,177
10620,2356,169
10630,2555,167
10640,2324,173
10650,2277,162
10660,2333,162
10670,2363,156
10680,2504,168
10690,2728,182
10700,2594,166
10710,2446,169
10720,2881,167
10730,2345,159
10740,2484,155
10750,2605,163
10760,2385,175
10770,2676,164
10780,2374,207
10790,2282,341
10800,2264,164
10810,2479,166
10820,2350,160
10830,2491,170
10840,2536,173
10850,2375,179
10860,2511,157
10870,2463,165
10880,2453,171
10890,2629,181
10900,2416,177
10910,2371,178
10920,2335,172
10930,2511,161
10940,2619,167
10950,2372,166
10960,2517,187
10970,2518,183
10980,2675,155
10990,2403,173
11000,2530,169
11010,2524,171
11020,2699,192
11030,2628,171
11040,2755,213
11050,2821,214
11060,2683,207
11070,2560,194
11080,2463,173
11090,2666,179
11100,2702,171
11110,2407,171
11120,2683,187
11130,2541,185
11140,2605,167
11150,2427,176
11160,2600,171
11170,2568,174
11180,2722,165
11190,2606,178
11200,2539,173
11210,2416,176
11220,2827,173
11230,2735,175
11240,2560,170
11250,2631,174
11260,2621,175
11270,2600,172
11280,2706,166
11290,2484,175
11300,2708,164
11310,2604,167
11320,2491,173
11330,2808,167
11340,2561,188
11350,2790,170
11360,2693,171
11370,2703,166
11380,2601,179
11390,2665,178
11400,2496,164
11410,2743,175
11420,2744,166
11430,2491,168
11440,2579,167
11450,2663,176
11460,2785,184
11470,2601,170
11480,2830,178
11490,2845,167
11500,2836,182
11510,2764,175
11520,2604,214
11530,2627,177
11540,2519,186
11550,2719,169
11560,2554,166
11570,2750,182
11580,2550,298
11590,2851,184
11600,2936,178
11610,2802,182
11620,2792,208
11630,2614,189
11640,2591,222
11650,2562,195
11660,2562,182
11670,2678,170
11680,2810,168
11690,2526,166
11700,2688,199
11710,2575,185
11720,2687,169
11730,2637,187
11740,2498,183
11750,2647,172
11760,2765,177
11770,2608,182
11780,2628,190
11790,2724,171
11800,2638,187
11810,2762,175
11820,2485,180
11830,2903,186
11840,3033,186
11850,2896,175
11860,2752,192
11870,2533,184
11880,2769,182
11890,2645,188
11900,3078,185
11910,2540,170
11920,2814,564
11930,2665,177
11940,2789,176
11950,2580,189
11960,2597,179
11970,2946,186
11980,2758,184
11990,2904,173
12000,2709,173
12010,2579,196
12020,2855,176
12030,2988,178
12040,2964,190
12050,2703,188
12060,2880,176
12070,2676,180
12080,2657,173
12090,2855,180
12100,2651,189
12110,2665,181
12120,2881,181
12130,2858,196
12140,3011,189
12150,2843,176
12160,2889,178
12170,2926,187
12180,2642,189
12190,2728,185
12200,2790,190
12210,2822,211
12220,2735,178
12230,2647,226
12240,2767,190
12250,2867,231
12260,2893,198
12270,2895,237
12280,2983,234
12290,3049,237
12300,2709,221
12310,2830,361
12320,2724,186
12330,2878,193
12340,2704,178
12350,3008,195
12360,2775,185
12370,3044,191
12380,2785,189
12390,2735,179
12400,2752,183
12410,2669,439
12420,2865,196
12430,2857,188
12440,2810,180
12450,2818,187
12460,2941,185
12470,3092,196
12480,2888,188
12490,2729,179
12500,2672,190
12510,3024,188
12520,2691,178
12530,2693,199
12540,2808,195
12550,2728,240
12560,2938,191
12570,2869,179
12580,2878,184
12590,2854,209
12600,2845,188
12610,2836,190
12620,3009,202
12630,2981,186
12640,2975,179
12650,3010,200
12660,2890,195
12670,2877,194
12680,2912,203
12690,2770,193
12700,3101,194
12710,2955,198
12720,3109,191
12730,3040,185
12740,2896,186
12750,2826,193
12760,2993,194
12770,2815,198
12780,2833,185
12790,3183,200
12800,2940,205
12810,2937,187
12820,2924,186
12830,3040,203
12840,3054,185
12850,3000,196
12860,3129,196
12870,2808,183
12880,3147,186
12890,2845,201
12900,2922,203
12910,2984,197
12920,2888,202
12930,2810,192
12940,3025,208
12950,3011,331
12960,3024,200
12970,2956,234
12980,2980,210
12990,2875,187
13000,3062,195
13010,2889,200
13020,3038,191
13030,3061,357
13040,3200,194
13050,3169,183
13060,2851,203
13070,3057,196
13080,2998,191
13090,3095,184
13100,3086,198
13110,3170,187
13120,3319,415
13130,3117,207
13140,3110,187
13150,3041,192
13160,2926,194
13170,2954,192
13180,3053,185
13190,3059,191
13200,3119,190
13210,3149,203
13220,2956,199
13230,3153,192
13240,2920,199
13250,3016,201
13260,3089,194
13270,3044,213
13280,3016,198
13290,2940,181
13300,2942,191
13310,3061,202
13320,2957,192
13330,3028,298
13340,2982,191
13350,3219,200
13360,2956,198
13370,3052,205
13380,3142,222
13390,3002,199
13400,3062,199
13410,3198,430
13420,2954,195
13430,2978,208
13440,3257,194
13450,3015,206
13460,3215,202
13470,3165,198
13480,3179,248
13490,3295,248
13500,3372,234
13510,3119,225
13520,3166,209
13530,3112,186
13540,3085,201
13550,3199,210
13560,3405,198
13570,3043,307
13580,3222,203
13590,3228,196
13600,3129,196
13610,3090,310
13620,3166,194
13630,3006,195
13640,3138,208
13650,3014,192
13660,3131,194
13670,3105,209
13680,3041,233
13690,3122,201
13700,3183,216
13710,3213,200
13720,2951,190
13730,2960,219
13740,3115,206
13750,3136,211
13760,3148,203
13770,3120,196
13780,3078,203
13790,3067,205
13800,3146,205
13810,3284,197
13820,3095,202
13830,3194,203
13840,3160,200
13850,3073,309
13860,3524,206
13870,3263,203
13880,3151,203
13890,3153,366
13900,3240,205
13910,3056,208
13920,3252,202
13930,3251,222
13940,3612,211
13950,3368,217
13960,3179,212
13970,3103,314
13980,3149,206
13990,3210,211
14000,3181,203
14010,3584,201
14020,3389,197
14030,3194,202
14040,3199,198
14050,3303,209
14060,3349,217
14070,3279,214
14080,3468,213
14090,3169,220
14100,3363,195
14110,3247,204
14120,3195,444
14130,3266,206
14140,3157,202
14150,3301,208
14160,3304,241
14170,3179,217
14180,3382,213
14190,3281,206
14200,3111,208
14210,3056,215
14220,3064,440
14230,3202,200
14240,3325,215
14250,3152,202
14260,3136,195
14270,3241,227
14280,3083,205
14290,3213,211
14300,3214,212
14310,3093,200
14320,3055,200
14330,3445,222
14340,3213,202
14350,3333,203
14360,3101,382
14370,3241,209
14380,3370,208
14390,3304,248
14400,3348,215
14410,3372,210
14420,3181,450
14430,3294,199
14440,3219,213
14450,3421,210
14460,3574,204
14470,3216,213
14480,3342,201
14490,3210,311
14500,3355,220
14510,3300,226
14520,3309,212
14530,3168,239
14540,3299,223
14550,3394,215
14560,3305,212
14570,3244,212
14580,3477,214
14590,3281,207
14600,3422,215
14610,3451,208
14620,3406,205
14630,3312,208
14640,3330,215
14650,3290,232
14660,3163,213
14670,3728,258
14680,3422,263
14690,3393,254
14700,3402,233
14710,3381,217
14720,3186,219
14730,3351,212
14740,3232,203
14750,3339,225
14760,3255,260
14770,3288,210
14780,3414,226
14790,3278,214
14800,3360,218
14810,3306,218
14820,3251,211
14830,3298,221
14840,3318,211
14850,3231,210
14860,3432,216
14870,3311,205
14880,3270,203
14890,3337,214
14900,3530,219
14910,3579,206
14920,3434,205
14930,3584,219
14940,3401,220
14950,3349,210
14960,3475,213
14970,3473,207
14980,3451,221
14990,3584,211
15000,3410,217
15010,3329,217
15020,3401,221
15030,3528,212
15040,3285,208
15050,3456,213
15060,3503,227
15070,3355,223
15080,3709,216
15090,3594,210
15100,3586,228
15110,3675,260
15120,3404,222
15130,3392,217
15140,3459,222
15150,3431,218
15160,3304,229
15170,3321,440
15180,3524,236
15190,3378,322
15200,3413,411
15210,3565,209
15220,3595,227
15230,3391,216
15240,3385,237
15250,3453,229
15260,3582,224
15270,3550,212
15280,3466,209
15290,3447,218
15300,3513,238
15310,3309,218
15320,3518,214
15330,3430,210
15340,3342,217
15350,3586,215
15360,3454,214
15370,3628,216
15380,3339,229
15390,3314,212
15400,3753,215
15410,3589,216
15420,3357,228
15430,3540,223
15440,3414,235
15450,3611,330
15460,3541,210
15470,3676,218
15480,3425,216
15490,3526,225
15500,3535,221
15510,3408,214
15520,3323,223
15530,3450,227
15540,3421,222
15550,3593,221
15560,3510,214
15570,3571,221
15580,3503,214
15590,3440,211
15600,3476,216
15610,3513,227
15620,3593,449
15630,3615,226
15640,3737,257
15650,3790,265
15660,3432,255
15670,3834,248
15680,3660,245
15690,3750,243
15700,3708,270
15710,3681,254
15720,3532,323
15730,3637,254
15740,3605,243
15750,3694,259
15760,3706,261
15770,3638,257
15780,3506,272
15790,3637,239
15800,3463,319
15810,3664,235
15820,3685,241
15830,3669,261
15840,3467,230
15850,3521,461
15860,3635,219
15870,3594,220
15880,3634,234
15890,3634,269
15900,3596,276
15910,3912,275
15920,3611,267
15930,3502,222
15940,3921,223
15950,3625,216
15960,3538,232
15970,3631,336
15980,3679,229
15990,3691,221
16000,3736,213
16010,3643,221
16020,3651,225
16030,3664,231
16040,3510,226
16050,3625,223
16060,3748,216
16070,3403,216
16080,3935,221
16090,3539,236
16100,3518,387
16110,3586,230
16120,3531,230
16130,3745,227
16140,3494,226
16150,3714,233
16160,3854,226
16170,3641,234
16180,3711,229
16190,3617,220
16200,3712,222
16210,3752,232
16220,3674,237
16230,3695,233
16240,3662,425
16250,3540,236
16260,3610,234
16270,3708,227
16280,3500,226
16290,3956,263
16300,3900,228
16310,3601,223
16320,3703,386
16330,3488,244
16340,3664,439
16350,3540,222
16360,3614,228
16370,3772,220
16380,3519,229
16390,3549,228
16400,3750,226
16410,3878,236
16420,3563,242
16430,3639,229
16440,3806,240
16450,3769,327
16460,4008,227
16470,3614,241
16480,3875,225
16490,3873,232
16500,3728,236
16510,3810,231
16520,3652,234
16530,4060,228
16540,3694,226
16550,3719,263
16560,3751,252
16570,3723,229
16580,3728,230
16590,3849,224
16600,3842,227
16610,3793,220
16620,3798,238
16630,3934,245
16640,3828,233
16650,3835,222
16660,3807,227
16670,3671,217
16680,3739,239
16690,3777,229
16700,3994,227
16710,3627,335
16720,3568,227
16730,3933,222
16740,3783,239
16750,3687,233
16760,3866,237
16770,3800,222
16780,3878,226
16790,3861,226
16800,4042,236
16810,3954,234
16820,3737,344
16830,3790,228
16840,3781,236
16850,3726,234
16860,3792,240
16870,3875,235
16880,3904,415
16890,3968,236
16900,3680,438
16910,3847,239
16920,3869,244
16930,3815,235
16940,3857,231
16950,3789,238
16960,3741,222
16970,3905,228
16980,3809,240
16990,3930,244
17000,3855,237
17010,3834,249
17020,3790,234
17030,3817,393
17040,3816,239
17050,3741,476
17060,4046,246
17070,3697,235
17080,4007,245
17090,3763,243
17100,3980,308
17110,4179,425
17120,3909,277
17130,3745,256
17140,3823,238
17150,3689,237
17160,3828,237
17170,3746,230
17180,3799,232
17190,3771,233
17200,3964,239
17210,3849,232
17220,3868,241
17230,3847,233
17240,3832,237
17250,3879,233
17260,3827,231
17270,3913,267
17280,3879,467
17290,3893,247
17300,3913,238
17310,3781,238
17320,4007,229
17330,3994,229
17340,3952,245
17350,3899,242
17360,4183,234
17370,3899,239
17380,3949,236
17390,3888,233
17400,3848,249
17410,4154,244
17420,3918,237
17430,4143,240
17440,3965,242
17450,3917,233
17460,3786,261
17470,3948,263
17480,3953,239
17490,4032,244
17500,3810,468
17510,3862,241
17520,3970,241
17530,3850,240
17540,3777,266
17550,4321,239
17560,3979,239
17570,4027,244
17580,4128,253
17590,3915,240
17600,3893,254
17610,3917,238
17620,3921,249
17630,3843,242
17640,4086,266
17650,4012,252
17660,3960,246
17670,3831,256
17680,3891,263
17690,4149,236
17700,4145,253
17710,3992,243
17720,3927,248
17730,4125,238
17740,4040,250
17750,3895,359
17760,3970,252
17770,3998,245
17780,3824,252
17790,3931,240
17800,4053,235
17810,5272,98066
17820,4088,224
17830,3973,237
17840,3900,242
17850,4129,248
17860,4076,244
17870,3949,275
17880,4212,284
17890,4171,287
17900,3994,248
17910,4155,254
17920,4287,243
17930,3932,290
17940,3960,240
17950,4087,238
17960,3912,506
17970,3964,261
17980,4191,282
17990,4038,245
18000,4143,260
18010,4244,284
18020,4145,285
18030,4238,290
18040,4379,290
18050,4321,296
18060,4341,309
18070,4257,299
18080,4366,316
18090,4349,301
18100,4475,288
18110,4224,291
18120,4283,302
18130,4349,285
18140,4167,306
18150,4171,507
18160,3946,284
18170,4206,268
18180,4123,254
18190,4102,258
18200,3985,251
18210,3915,266
18220,4046,292
18230,4390,264
18240,4060,261
18250,4190,362
18260,4320,292
18270,4228,293
18280,4227,271
18290,4240,341
18300,4101,239
18310,3996,261
18320,3913,252
18330,4276,261
18340,4140,475
18350,4221,339
18360,4121,246
18370,4196,249
18380,4149,255
18390,4285,257
18400,4202,348
18410,4101,254
18420,3980,246
18430,4178,252
18440,4014,260
18450,4039,264
18460,4406,251
18470,4030,250
18480,4194,242
18490,4171,250
18500,4075,256
18510,4376,487
18520,4275,251
18530,4230,250
18540,4076,257
18550,4140,245
18560,4094,269
18570,4178,262
18580,4215,257
18590,4128,257
18600,3970,249
18610,4119,256
18620,4318,252
18630,4092,256
18640,4191,294
18650,4085,260
18660,4384,482
18670,4390,248
18680,4443,264
18690,4288,267
18700,4117,270
18710,4020,264
18720,4195,243
18730,4255,265
18740,4059,255
18750,4090,259
18760,4345,264
18770,4217,258
18780,4321,254
18790,4103,267
18800,4095,283
18810,4246,258
18820,4235,267
18830,4179,253
18840,4531,246
18850,4233,271
18860,4295,257
18870,4259,262
18880,4883,258
18890,4305,248
18900,4225,243
18910,4282,262
18920,4330,259
18930,4489,484
18940,4283,276
18950,4354,256
18960,4049,250
18970,4268,268
18980,4059,261
18990,4071,256
19000,4655,250
19010,4309,253
19020,4334,256
19030,4293,252
19040,4091,266
19050,4222,259
19060,4007,266
19070,4464,263
19080,4116,270
19090,4188,254
19100,4205,270
19110,4317,264
19120,4388,255
19130,4380,273
19140,4301,254
19150,4181,248
19160,4171,273
19170,4284,264
19180,4325,258
19190,4243,258
19200,4369,259
19210,4327,249
19220,4245,255
19230,4281,271
19240,4301,256
19250,4497,257
19260,4252,260
19270,4269,254
19280,4267,259
19290,4374,278
19300,4543,272
19310,4285,267
19320,4215,253
19330,4078,263
19340,4073,265
19350,4237,300
19360,4389,277
19370,4343,255
19380,4361,251
19390,4429,262
19400,4311,263
19410,4537,261
19420,4158,272
19430,4285,263
19440,4526,296
19450,4903,305
19460,4603,295
19470,4176,283
19480,4574,269
19490,4284,260
19500,4353,265
19510,4474,263
19520,4216,262
19530,4641,267
19540,4357,274
19550,4538,259
19560,4192,256
19570,4192,257
19580,4379,268
19590,4414,273
19600,4350,277
19610,4399,266
19620,4291,261
19630,4362,491
19640,4538,266
19650,4580,259
19660,4462,279
19670,4128,587
19680,4294,259
19690,4430,277
19700,4170,281
19710,4722,301
19720,4366,269
19730,4582,265
19740,4292,272
19750,4372,275
19760,4558,269
19770,4414,269
19780,4422,277
19790,4205,254
19800,4343,251
19810,4468,261
19820,4648,276
19830,4343,271
19840,4560,508
19850,4749,275
19860,4209,261
19870,4292,257
19880,4224,280
19890,4408,281
19900,4323,288
19910,4550,258
19920,4714,266
19930,4510,511
19940,4556,278
19950,4355,270
19960,4513,269
19970,4399,264
19980,4493,272
19990,4746,260
20000,4468,271
20010,4502,268
20020,4540,274
20030,4654,263
20040,4510,272
20050,4597,264
20060,4655,267
20070,4673,307
20080,4245,280
20090,4379,259
20100,4336,262
20110,4605,264
20120,4479,273
20130,4528,277
20140,4572,280
20150,4717,271
20160,4469,266
20170,4482,273
20180,4563,489
20190,4841,276
20200,4594,268
20210,4399,269
20220,4447,257
20230,4538,267
20240,4715,275
20250,4588,275
20260,4413,276
20270,4646,266
20280,4645,271
20290,4340,280
20300,4745,292
20310,4528,368
20320,4652,286
20330,4440,302
20340,4801,265
20350,4365,269
20360,4491,279
20370,4416,278
20380,4473,357
20390,4471,265
20400,4542,269
20410,4641,320
20420,4458,296
20430,4395,279
20440,4734,271
20450,4362,271
20460,4635,274
20470,4547,442
20480,4781,509
20490,4827,297
20500,4616,268
20510,4516,284
20520,4482,285
20530,4788,274
20540,4352,279
20550,4570,286
20560,4805,313
20570,4683,289
20580,4469,272
20590,4455,273
20600,4518,279
20610,4623,389
20620,4828,526
20630,4797,278
20640,4463,339
20650,4666,336
20660,4768,316
20670,4769,479
20680,4399,293
20690,4458,269
20700,4873,255
20710,4905,270
20720,4779,285
20730,4724,279
20740,4508,284
20750,4594,272
20760,4434,275
20770,4501,268
20780,4676,283
20790,4812,313
20800,4556,293
20810,4634,369
20820,4660,276
20830,4913,276
20840,4684,285
20850,4634,288
20860,4663,284
20870,4659,272
20880,4598,282
20890,4602,454
20900,4725,275
20910,4797,282
20920,4754,321
20930,4584,285
20940,4798,270
20950,4587,287
20960,4482,289
20970,4831,282
20980,4639,277
20990,4570,279
21000,4715,282
21010,4540,284
21020,4548,287
21030,4775,378
21040,4791,296
21050,4568,279
21060,4907,283
21070,4702,291
21080,4641,291
21090,4748,292
21100,4841,280
21110,4847,518
21120,4713,280
21130,4561,307
21140,4597,279
21150,4730,286
21160,4585,299
21170,4688,278
21180,4542,265
21190,4585,276
21200,4575,446
21210,4612,284
21220,4787,303
21230,4659,273
21240,4793,288
21250,4565,271
21260,4862,274
21270,4480,283
21280,4898,282
21290,4757,274
21300,4950,449
21310,4648,382
21320,4983,285
21330,4627,287
21340,4752,286
21350,4898,279
21360,4637,280
21370,4695,275
21380,4625,291
21390,5101,513
21400,4670,280
21410,4652,507
21420,5055,279
21430,4659,286
21440,4736,290
21450,4775,290
21460,4678,277
21470,4962,319
21480,4806,276
21490,4589,284
21500,5013,289
21510,4762,410
21520,4638,288
21530,4668,283
21540,4707,280
21550,4492,288
21560,4758,297
21570,4807,290
21580,4633,277
21590,4944,290
21600,4616,285
21610,4653,287
21620,4722,286
21630,4570,295
21640,4953,277
21650,4849,452
21660,4629,293
21670,5123,282
21680,5024,286
21690,4857,299
21700,4867,285
21710,4807,292
21720,4958,283
21730,4613,384
21740,4739,290
21750,4751,295
21760,4663,290
21770,4667,277
21780,5120,277
21790,5178,297
21800,4777,519
21810,4760,297
21820,4662,290
21830,4769,290
21840,4932,291
21850,4921,286
21860,5018,347
21870,5205,340
21880,5235,323
21890,4803,310
21900,4717,285
21910,5095,290
21920,4733,448
21930,5055,291
21940,5164,290
21950,4833,293
21960,4840,295
21970,4745,298
21980,4963,520
21990,4727,289
22000,5113,288
22010,4951,294
22020,4770,424
22030,5113,293
22040,4825,482
22050,4974,351
22060,4725,297
22070,5190,336
22080,5147,332
22090,5178,318
22100,5145,38230
22110,4952,297
22120,5257,285
22130,4963,285
22140,5175,289
22150,4902,300
22160,4958,298
22170,4696,295
22180,5117,295
22190,4903,289
22200,5212,288
22210,4862,333
22220,4819,302
22230,4843,298
22240,5043,293
22250,5142,534
22260,4756,292
22270,5128,310
22280,4945,300
22290,4890,300
22300,4878,288
22310,4877,290
22320,4771,287
22330,5136,305
22340,5136,299
22350,4771,304
22360,4936,299
22370,4683,288
22380,5023,289
22390,4761,392
22400,5091,298
22410,5162,296
22420,5255,280
22430,5074,301
22440,4750,525
22450,5103,299
22460,4899,306
22470,4861,301
22480,4859,285
22490,5055,301
22500,5131,298
22510,5133,377
22520,5073,299
22530,5060,294
22540,5059,291
22550,5113,290
22560,5060,285
22570,4829,304
22580,4980,307
22590,4964,310
22600,5164,287
22610,5245,316
22620,4919,301
22630,4815,310
22640,4977,299
22650,5264,383
22660,5458,330
22670,5181,327
22680,4892,302
22690,5309,311
22700,4758,296
22710,5156,302
22720,4898,285
22730,4877,450
22740,5129,293
22750,5264,301
22760,4865,306
22770,4962,303
22780,4770,289
22790,5153,301
22800,4884,297
22810,5264,297
22820,5357,308
22830,4752,305
22840,5002,297
22850,5095,323
22860,5024,307
22870,5047,467
22880,5306,308
22890,5235,316
22900,5515,296
22910,5266,297
22920,5268,329
22930,5062,318
22940,4847,308
22950,5179,534
22960,5095,533
22970,4909,405
22980,5252,306
22990,4925,296
23000,5042,310
23010,5249,303
23020,5059,296
23030,5413,302
23040,5510,333
23050,5374,359
23060,5249,345
23070,5333,332
23080,5071,298
23090,5072,302
23100,5077,311
23110,5000,305
23120,5455,298
23130,5401,304
23140,5264,309
23150,4984,292
23160,4957,300
23170,4808,319
23180,5181,297
23190,5276,330
23200,5255,317
23210,5023,302
23220,5136,306
23230,5190,320
23240,5215,312
23250,5457,309
23260,5073,303
23270,5233,314
23280,4836,301
23290,5316,410
23300,5231,519
23310,5098,497
23320,5415,297
23330,4983,300
23340,5340,300
23350,5058,327
23360,5286,297
23370,5603,316
23380,5218,315
23390,4938,308
23400,5164,310
23410,5108,323
23420,5011,306
23430,5394,314
23440,5358,309
23450,5248,290
23460,5433,308
23470,5219,314
23480,5159,295
23490,5278,305
23500,4976,490
23510,5254,296
23520,5032,309
23530,5384,313
23540,5001,309
23550,5137,416
23560,5288,309
23570,5460,307
23580,5071,297
23590,5265,312
23600,4949,316
23610,5324,313
23620,5638,305
23630,5407,340
23640,5491,307
23650,5037,315
23660,5202,320
23670,5168,306
23680,5205,294
23690,5104,309
23700,5455,305
23710,5162,312
23720,5105,326
23730,5154,307
23740,5019,390
23750,5190,318
23760,5402,308
23770,5181,339
23780,5138,327
23790,5274,330
23800,5400,305
23810,5456,522
23820,5526,328
23830,5116,328
23840,5056,322
23850,5081,317
23860,5439,310
23870,5397,313
23880,5277,315
23890,5248,319
23900,5527,320
23910,5097,316
23920,5244,304
23930,5346,314
23940,5139,307
23950,5103,399
23960,5184,326
23970,5288,315
23980,5199,308
23990,5159,319
24000,5523,306
24010,5687,325
24020,5593,320
24030,5579,317
24040,5391,306
24050,5313,303
24060,5262,312
24070,5300,340
24080,5403,312
24090,5638,368
24100,5986,362
24110,5716,364
24120,5762,360
24130,5632,387
24140,5627,362
24150,5740,366
24160,5568,352
24170,5386,590
24180,5368,315
24190,5395,320
24200,5081,303
24210,5169,315
24220,5369,309
24230,5220,403
24240,5653,367
24250,5553,356
24260,5588,348
24270,5369,451
24280,5485,320
24290,5288,310
24300,5606,310
24310,5616,323
24320,5480,331
24330,5291,321
24340,5286,471
24350,5655,357
24360,5662,326
24370,5779,558
24380,5350,333
24390,5175,310
24400,5187,316
24410,5229,321
24420,5175,309
24430,5438,549
24440,5375,310
24450,5287,341
24460,5569,321
24470,5184,329
24480,5355,314
24490,5289,322
24500,5404,327
24510,5591,318
24520,5338,312
24530,5305,321
24540,5273,302
24550,5250,338
24560,5590,542
24570,5573,395
24580,5709,320
24590,5260,307
24600,5367,322
24610,5283,343
24620,5247,335
24630,5504,327
24640,5248,310
24650,5422,314
24660,5171,334
24670,5437,316
24680,5511,332
24690,5674,326
24700,5251,314
24710,5486,323
24720,5852,313
24730,5531,528
24740,5360,315
24750,5817,323
24760,5557,308
24770,5547,322
24780,5517,316
24790,5356,338
24800,5832,360
24810,5484,368
24820,5411,349
24830,5364,351
24840,5815,351
24850,5517,344
24860,5583,568
24870,5245,556
24880,5911,329
24890,5687,338
24900,5654,328
24910,5342,352
24920,5628,336
24930,5555,358
24940,5430,363
24950,5935,340
24960,5815,362
24970,5416,358
24980,6053,349
24990,5664,359
25000,5728,345
25010,5796,345
25020,5646,347
25030,5706,460
25040,5661,363
25050,5870,348
25060,5685,331
25070,5842,357
25080,5544,335
25090,5649,327
25100,5459,326
25110,5614,324
25120,5620,325
25130,5546,322
25140,5388,301
25150,5438,336
25160,5560,337
25170,5690,320
25180,5430,314
25190,5371,323
25200,5402,336
25210,5684,325
25220,5664,331
25230,5477,479
25240,5569,319
25250,5760,319
25260,5814,314
25270,5370,328
25280,5330,340
25290,5699,328
25300,5616,318
25310,5560,359
25320,5936,329
25330,5311,329
25340,5798,325
25350,5616,337
25360,5485,327
25370,5836,321
25380,5523,332
25390,5703,322
25400,6055,330
25410,5703,332
25420,5639,320
25430,5364,321
25440,5396,437
25450,5779,370
25460,5947,598
25470,5889,371
25480,5547,347
25490,5933,321
25500,5817,340
25510,5858,329
25520,5767,359
25530,5480,349
25540,5433,331
25550,5852,563
25560,5484,325
25570,5761,343
25580,5380,326
25590,5649,353
25600,5896,317
25610,5857,331
25620,5854,323
25630,5473,333
25640,5597,328
25650,5857,334
25660,5981,326
25670,6018,324
25680,5850,327
25690,6047,330
25700,6096,585
25710,5407,338
25720,5482,396
25730,5536,467
25740,5596,524
25750,5501,343
25760,5720,338
25770,5559,338
25780,5717,342
25790,5506,371
25800,5571,331
25810,5671,347
25820,5635,328
25830,5822,437
25840,5951,331
25850,6037,347
25860,5491,343
25870,5575,339
25880,5545,338
25890,5723,334
25900,5565,339
25910,5579,321
25920,5968,331
25930,5628,336
25940,5819,422
25950,5624,341
25960,5870,324
25970,5851,334
25980,5714,321
25990,5742,575
26000,5597,330
26010,5915,348
26020,6038,323
26030,5847,324
26040,5517,340
26050,6001,334
26060,5591,331
26070,5852,339
26080,5436,352
26090,5613,327
26100,5589,328
26110,5791,359
26120,5739,338
26130,6011,337
26140,5884,581
26150,5575,332
26160,5940,332
26170,5621,330
26180,5618,350
26190,5698,339
26200,5765,326
26210,5586,337
26220,6043,353
26230,5856,654
26240,6008,369
26250,6014,364
26260,5959,355
26270,6022,358
26280,5764,465
26290,5650,380
26300,6162,363
26310,5744,368
26320,5856,375
26330,5824,351
26340,5609,353
26350,5853,477
26360,5940,371
26370,6005,402
26380,5681,366
26390,5664,367
26400,6032,356
26410,5775,647
26420,5866,383
26430,5664,378
26440,6084,369
26450,5806,383
26460,5778,359
26470,5902,681
26480,5918,386
26490,6233,360
26500,6074,413
26510,5965,377
26520,5543,678
26530,5575,364
26540,5703,373
26550,5961,373
26560,5908,353
26570,5946,368
26580,5889,439
26590,6020,373
26600,5742,365
26610,5833,363
26620,6108,366
26630,6161,357
26640,5937,457
26650,6218,429
26660,6136,431
26670,6190,407
26680,5952,412
26690,5658,373
26700,5914,382
26710,5799,677
26720,5999,371
26730,6019,360
26740,5903,370
26750,5710,360
26760,6117,512
26770,6037,669
26780,5915,593
26790,6068,370
26800,6243,364
26810,5970,364
26820,5836,354
26830,5677,361
26840,5725,362
26850,6217,371
26860,5743,376
26870,5714,437
26880,5711,377
26890,6106,386
26900,6086,388
26910,5742,579
26920,5997,361
26930,6009,358
26940,5790,384
26950,5855,373
26960,5857,529
26970,5773,375
26980,6379,369
26990,5813,355
27000,5842,408
27010,5849,381
27020,5999,370
27030,5947,369
27040,5898,377
27050,5887,368
27060,5997,358
27070,5976,370
27080,6130,363
27090,5858,567
27100,5879,370
27110,6100,371
27120,5905,360
27130,5967,372
27140,5693,534
27150,6024,381
27160,6330,362
27170,5752,371
27180,5787,363
27190,5770,384
27200,5778,380
27210,6270,424
27220,5924,597
27230,6190,377
27240,6194,365
27250,5944,366
27260,5815,402
27270,5877,388
27280,5943,365
27290,5663,382
27300,6342,366
27310,5916,370
27320,6064,376
27330,6014,372
27340,5719,395
27350,6429,428
27360,6133,419
27370,6058,395
27380,6344,392
27390,6118,383
27400,6070,369
27410,5883,604
27420,6205,373
27430,5874,375
27440,6082,406
27450,6290,384
27460,6021,403
27470,6098,574
27480,6195,396
27490,6356,381
27500,5973,386
27510,6151,374
27520,6207,359
27530,6275,386
27540,6253,365
27550,5959,375
27560,5993,382
27570,5942,394
27580,6444,394
27590,6440,402
27600,6612,378
27610,6156,370
27620,6428,587
27630,6304,407
27640,6339,413
27650,6378,491
27660,6419,374
27670,6303,389
27680,5843,390
27690,6274,379
27700,5842,371
27710,6072,377
27720,6172,392
27730,6158,370
27740,5999,388
27750,6186,392
27760,6027,384
27770,5803,418
27780,6003,378
27790,6288,379
27800,6299,381
27810,6168,392
27820,6117,377
27830,6284,372
27840,6157,416
27850,6715,451
27860,6566,470
27870,6647,447
27880,6374,416
27890,6856,391
27900,6024,385
27910,5951,391
27920,6251,391
27930,6255,547
27940,5849,391
27950,6193,370
27960,6133,382
27970,6538,398
27980,5851,389
27990,5784,377
28000,5897,523
28010,6348,384
28020,6283,384
28030,6070,382
28040,6049,395
28050,6017,373
28060,6011,524
28070,5899,402
28080,6405,401
28090,6372,395
28100,6044,394
28110,6468,414
28120,6199,385
28130,6263,395
28140,6031,381
28150,6285,389
28160,6269,404
28170,6250,403
28180,6054,364
28190,6468,382
28200,5890,390
28210,6218,379
28220,6088,395
28230,6246,397
28240,6591,388
28250,6169,371
28260,6240,371
28270,6074,404
28280,5931,374
28290,6406,392
28300,6212,384
28310,6475,375
28320,6222,384
28330,6679,385
28340,6092,396
28350,5963,378
28360,6715,383
28370,6427,382
28380,6408,367
28390,6341,397
28400,6079,384
28410,6360,393
28420,5952,416
28430,6062,383
28440,6377,466
28450,6352,411
28460,6319,388
28470,6633,396
28480,6238,387
28490,6093,369
28500,6044,369
28510,6124,392
28520,6107,395
28530,6015,388
28540,6080,416
28550,6038,389
28560,6364,383
28570,6132,390
28580,6114,386
28590,6770,386
28600,6500,405
28610,6117,374
28620,6363,380
28630,6452,389
28640,6034,412
28650,6417,445
28660,6531,397
28670,6160,403
28680,6066,448
28690,6397,432
28700,6441,393
28710,6449,402
28720,6406,378
28730,6387,378
28740,6222,394
28750,6411,402
28760,6229,392
28770,6153,393
28780,6039,379
28790,6259,380
28800,6224,450
28810,6819,401
28820,6221,384
28830,6235,396
28840,6543,384
28850,6331,396
28860,6371,382
28870,6159,395
28880,6326,625
28890,6476,421
28900,6719,389
28910,6442,390
28920,6140,382
28930,6123,397
28940,6685,386
28950,6309,382
28960,6050,385
28970,6728,400
28980,6182,390
28990,6211,383
29000,7106,564
29010,6148,395
29020,6187,390
29030,6361,541
29040,6535,445
29050,6634,434
29060,6628,457
29070,6308,455
29080,6584,433
29090,6687,393
29100,6358,380
29110,6385,404
29120,6416,397
29130,6426,398
29140,5987,440
29150,6364,397
29160,6325,393
29170,6593,386
29180,6734,396
29190,6699,399
29200,6500,392
29210,6387,470
29220,6443,388
29230,6253,406
29240,6355,404
29250,6171,543
29260,6712,389
29270,6144,391
29280,6805,399
29290,6227,398
29300,6904,397
29310,6359,397
29320,6122,383
29330,6175,490
29340,6318,566
29350,6271,399
29360,6661,397
29370,6942,450
29380,6499,396
29390,6282,391
29400,6603,384
29410,6636,401
29420,6205,407
29430,6741,403
29440,6694,565
29450,6609,385
29460,6250,406
29470,6412,407
29480,6569,400
29490,6371,413
29500,6651,405
29510,6429,744
29520,6597,408
29530,6583,400
29540,6256,402
29550,6345,405
29560,6211,403
29570,6494,568
29580,6568,388
29590,6341,431
29600,6488,412
29610,6395,493
29620,6779,404
29630,6813,393
29640,6961,409
29650,6608,580
29660,6715,391
29670,6655,472
29680,6582,397
29690,6781,404
29700,6308,408
29710,6632,423
29720,6457,400
29730,6446,405
29740,6344,506
29750,6743,407
29760,6617,391
29770,6468,413
29780,6610,411
29790,6726,414
29800,6714,393
29810,6696,391
29820,6704,439
29830,6589,423
29840,6697,407
29850,6128,433
29860,6965,402
29870,6494,431
29880,6412,405
29890,6724,519
29900,6658,420
29910,6668,422
29920,6603,392
29930,6719,398
29940,6767,392
29950,6345,405
29960,6540,396
29970,6271,398
29980,6622,397
29990,6297,404
30000,6783,396
30000,6886,397
30000,6728,410
30000,6561,436
30000,7074,401
30000,6852,387
30000,6496,408
30000,6997,413
30000,6745,396
30000,6465,473
30000,6883,407
30000,6610,398
30000,6239,402
30000,6460,402
30000,7028,414
30000,6746,641
30000,6469,400
30000,6553,445
30000,6428,405
30000,6413,414
30000,6254,409
30000,6452,397
30000,6741,405
30000,6420,384
30000,6138,399
30000,6216,413
30000,7032,476
30000,7101,476
30000,7111,460
30000,6699,447
30000,6545,392
30000,6504,567
30000,6828,730
30000,6709,433
30000,6713,380
30000,6764,408
30000,6825,389
30000,6578,402
30000,6473,399
30000,6198,398
30000,6701,398
30000,6757,396
30000,6433,389
30000,6880,417
30000,6897,413
30000,6326,414
30000,6304,381
30000,6391,411
30000,6784,419
30000,6350,413
30000,6485,400
30000,6380,389
30000,6380,398
30000,7074,405
30000,6673,395
30000,6844,425
30000,6671,504
30000,6581,398
30000,6967,407
30000,6460,388
30000,6510,410
30000,6684,400
30000,6388,409
30000,6489,408
30000,6262,405
30000,6418,407
30000,6675,719
30000,6377,414
30000,6720,413
30000,6682,411
30000,6217,411
30000,6491,385
30000,6451,408
30000,6674,409
30000,6265,400
30000,7147,650
30000,6682,408
30000,6585,692
30000,6407,447
30000,6792,411
30000,6584,413
30000,6635,461
30000,6590,403
30000,6799,381
30000,6790,401
30000,6423,401
30000,6382,729
30000,6810,414
30000,6598,432
30000,6434,396
30000,6910,384
30000,6937,393
30000,6654,421
30000,6550,396
30000,6694,482
30000,6782,392
30000,6991,406
30000,6354,407
30000,6804,393
30000,6974,415
30000,6895,538
30000,6266,622
30000,6904,428
30000,6585,400
30000,6693,393
30000,6146,403
30000,6557,404
30000,6533,427
30000,6878,417
30000,6583,412
30000,6400,398
30000,6424,402
30000,6890,406
30000,6449,392
30000,6516,398
30000,6557,398
30000,6719,420
30000,6376,512
30000,6609,416
30000,6406,390
30000,6422,421
30000,6551,417
30000,6577,406
30000,6591,401
30000,6763,396
30000,6483,389
30000,6612,410
30000,6525,716
30000,6520,413
30000,6846,407
30000,6811,386
30000,6845,396
30000,6444,404
30000,6441,395
30000,6460,434
30000,6519,683
30000,7002,396
30000,6527,413
30000,6898,421
30000,6786,393
30000,6923,402
30000,6657,568
30000,6438,403
30000,6378,398
30000,6673,398
30000,6228,409
30000,6693,450
30000,7122,453
30000,7066,451
30000,6657,448
30000,6455,685
30000,6463,433
30000,7159,408
30000,6709,457
30000,7203,396
30000,6688,405
30000,6892,397
30000,6519,404
30000,6278,504
30000,6913,438
30000,6725,405
30000,6358,406
30000,6703,392
30000,6461,437
30000,6665,407
30000,6492,400
30000,6820,409
30000,6351,746
30000,6572,389
30000,6327,412
30000,6554,396
30000,6894,422
30000,6512,418
30000,7010,406
30000,6711,405
30000,6895,470
30000,6546,411
30000,6690,411
30000,6847,418
30000,6475,389
30000,6415,389
30000,6971,414
30000,6255,510
30000,6856,540
30000,6832,390
30000,6751,403
30000,6687,397
30000,6431,404
30000,6479,391
30000,7006,482
30000,7009,613
30000,6655,669
30000,6887,426
30000,6454,404
30000,6559,404
30000,6869,406
30000,6951,420
30000,6907,630
30000,6573,420
30000,6571,421
30000,6577,401
30000,6884,417
30000,6991,403
30000,6599,411
30000,6408,399
30000,6788,690
30000,7149,420
30000,6416,431
30000,6850,399
30000,6307,394
30000,6545,400
30000,6460,402
30000,6594,394
30000,6748,571
30000,6414,411
30000,6820,389
30000,6596,389
30000,6686,398
30000,6735,409
30000,6945,417
30000,6867,407
30000,6826,424
30000,6473,412
30000,6589,405
30000,6554,420
30000,6660,462
30000,7061,426
30000,6507,390
30000,6703,629
30000,6415,402
30000,6334,404
30000,6979,392
30000,6782,402
30000,6851,407
30000,6512,396
30000,6765,561
30000,7017,403
30000,6958,405
30000,6511,409
30000,6984,470
30000,6565,387
30000,6324,428
30000,6809,424
30000,6492,715
30000,6461,395
30000,6870,396
30000,6652,465
30000,6540,408
30000,6392,416
30000,6504,402
30000,6721,438
30000,6718,390
30000,6394,400
30000,7114,417
30000,6678,413
30000,6914,398
30000,7109,391
30000,6630,396
30000,6574,554
30000,6787,430
30000,6356,507
30000,6493,419
30000,7230,403
30000,7097,395
30000,6709,392
30000,6437,413
30000,6522,403
30000,7194,474
30000,7075,470
30000,6925,455
30000,6890,437
30000,6958,407
30000,6590,409
30000,6628,715
30000,6806,411
30000,6759,397
30000,6666,392
30000,6627,429
30000,6536,400
30000,6261,410
30000,6655,391
30000,6416,533
30000,6893,406
30000,6885,418
30000,6481,419
30000,6566,408
30000,6779,397
30000,6899,389
30000,6701,397
30000,6797,405
30000,6637,420
30000,6658,459
30000,7128,434
30000,6850,406
30000,6842,589
30000,6931,747
30000,7300,407
30000,7226,462
30000,7068,410
30000,6806,405
30000,6663,428
30000,6678,414
30000,6662,669
30000,6574,436
30000,6936,424
30000,7065,425
30000,6788,421
30000,6779,415
30000,7259,447
30000,6773,418
30000,6781,412
30000,6583,568
30000,6708,401
30000,6853,435
30000,6664,426
30000,7160,522
30000,7043,407
30000,6962,393
30000,6620,397
30000,6803,434
30000,7078,439
30000,6600,424
30000,6933,406
30000,6718,437
30000,7324,440
30000,6748,432
30000,7137,422
30000,6757,434
30000,6952,407
30000,6458,400
30000,6420,400
30000,7026,416
30000,6649,399
30000,6867,407
30000,6652,421
30000,6517,390
30000,6487,394
30000,6751,413
30000,6703,452
30000,6990,391
30000,6914,396
30000,6380,397
30000,6620,404
30000,6536,401
30000,7002,400
30000,6610,404
30000,6460,403
30000,6814,396
30000,6770,403
30000,6486,525
30000,6733,424
30000,7114,396
30000,6906,411
30000,6734,379
30000,6428,391
30000,6665,410
30000,6488,419
30000,6709,403
30000,6541,393
30000,6874,409
30000,6948,408
